[
  {
    "id": 1765112234095,
    "name": "Петр",
    "email": "petr2024@gmail.com",
    "message": "Є цікаві новини для вас.",
    "date": "2025-12-07T12:57:14.095Z"
  },
  {
    "id": 1765112469429,
    "name": "Катерина",
    "email": "katya2021@gmail.com",
    "message": "Ось цікаві новини: В Україні з 25 листопада 2025 року розпочався масштабний проєкт з очищення та відновлення прибережних територій річки Дніпро. Ініціатива передбачає ліквідацію стихійних сміттєзвалищ, висадку дерев і відновлення природних водно-болотних угідь, які постраждали за останні роки від забруднення та воєнних дій.\n\nЗа даними Міністерства довкілля, у рамках програми заплановано відновити понад 120 км берегової лінії, що сприятиме покращенню якості води, відродженню рідкісних видів птахів та зменшенню ерозії ґрунтів. Фахівці зазначають, що такі заходи є критично важливими для збереження біорізноманіття найбільшої річкової системи України.\n\nУчасть у проєкті вже підтвердили десятки екологічних організацій та волонтерських груп.",
    "date": "2025-12-07T13:01:09.429Z"
  },
  {
    "id": 1765112988706,
    "name": "Сергій",
    "email": "sergo4358@gmail.com",
    "message": "Ось за цим посиланням є цікаві новини: https://dei.gov.ua/",
    "date": "2025-12-07T13:09:48.706Z"
  },
  {
    "id": 1765262890884,
    "name": "Андрій",
    "email": "andrea1122@gmail.com",
    "message": "Добридень, дякую за ваші актуальні новини!",
    "date": "2025-12-09T06:48:10.884Z"
  },
  {
    "id": 1765285155938,
    "name": "Сергій",
    "email": "sergo4358@gmail.com",
    "message": "Все ок!",
    "date": "2025-12-09T12:59:15.938Z"
  }
]